index,id,rating_x,time_created,text,city,positivity,negativity
4980,75-chestnut-boston,5,2017-04-10 07:38:14,This is an adorable spot on beacon hill quiet and quaint dim and on the small side. There is a bar area I've seen much smaller spaces in on beacon hill....,Boston,99.11855827264499,0.8814417273545457
4981,75-chestnut-boston,4,2017-04-01 08:56:30,This is exactly what I needed my first night in Boston. I had bookmarked this location wall in advance of the trip so that we had a backup plan for meals as...,Boston,32.09625195740948,67.90374804259035
4982,75-chestnut-boston,2,2017-03-27 03:33:26,Came for Sunday Brunch. We were seated at a high top table. I was definitely very uncomfortable. Every time I leaned back I bumped into someone sitting in...,Boston,69.41633596030242,30.583664039698018
4983,al-dente-restaurant-boston,5,2017-04-13 08:56:17,While staying in Little Italy during a conference I had to hit up one of the Italian restaurants in the area. Walking along a path flanked by Italian...,Boston,97.85712675389453,2.1428732461053794
4984,al-dente-restaurant-boston,5,2017-04-01 12:52:14,I'll be honest I did not know what to expect when I arrived at Al Dente. At first glance it doesn't look like much. Just a few tabletops no white...,Boston,88.30735524760604,11.692644752394077
4985,al-dente-restaurant-boston,5,2017-03-18 08:49:46,Came here recently for a work lunch and I was so surprised in the amount of food they give you. Plates can definitely be shared as I had plenty to take home...,Boston,71.9128943758221,28.08710562417791
4986,atlantic-fish-company-boston,5,2017-04-09 17:12:59,Great times and great food. Made reservations which i highly recommend making via open table. Started with wine and a pink sangria. Highly recommend...,Boston,93.79685516310852,6.20314483689158
4987,atlantic-fish-company-boston,4,2017-03-25 07:56:20,Great ambience incredible food. I had the swordfish with lobster ravioli and was not disappointed. Ordered dessert to go (the best way to do it) and was...,Boston,74.2937358886102,25.706264111389427
4988,atlantic-fish-company-boston,3,2017-03-23 21:22:51,Crab Louie:  The lobster and crab were definitely good - and the avocado portion was decent considering this is winter in Boston we're talking about....,Boston,84.27168489312703,15.728315106872643
4989,audubon-boston-boston,5,2017-03-05 09:06:17,Could not have higher reviews for this place. We came and the power was out on the whole block--they were doing everything they could to keep brunch...,Boston,75.77888200624815,24.221117993752053
4990,audubon-boston-boston,4,2017-03-25 06:49:54,After having Audubon bookmarked for months I finally made it over for lunch one cold rainy afternoon. I was surprised at how many people were there for...,Boston,74.75444273000808,25.24555726999206
4991,audubon-boston-boston,3,2017-02-01 06:47:08,I came here for brunch one day. I've walked by this place numerous times. Thought it was about time to try it. I've heard great things and their outdoor...,Boston,82.4929530593567,17.507046940643523
4992,barcelona-wine-bar-south-end-boston-6,5,2017-04-13 09:15:12,One of my favorites. Experiences here are consistently great. Atmosphere is busy and maybe a bit loud for some. Love the fact that food comes out pretty...,Boston,76.32700734099362,23.672992659006578
4993,barcelona-wine-bar-south-end-boston-6,4,2017-04-03 22:32:33,Having been to Spain a couple times and dined at a number of tapas and paella restaurants there I can say that Barcelona Wine Bar is pretty authentic. My...,Boston,70.80510281844855,29.194897181551482
4994,barcelona-wine-bar-south-end-boston-6,5,2017-04-02 17:00:52,Barcelona is my favorite restaurant in Boston - the first place that comes to mind for a night out with my wife or with friends. We used to go to the...,Boston,72.83677863655211,27.163221363447832
4995,blr-by-shojo-boston-2,5,2017-04-07 14:33:09,Pretty awesome that BLR is a BYOB spot. We came here last night for dinner and the food was delicious. BLR does a very creative take on classic Chinese...,Boston,97.06372006679949,2.9362799332007237
4996,blr-by-shojo-boston-2,5,2017-03-23 21:09:56,A great hidden spot on the edge of Chinatown serving hip and modern Chinese food. From past reviews it seems like their menu changes every few months but...,Boston,97.5192691231075,2.4807308768928245
4997,blr-by-shojo-boston-2,5,2017-02-26 15:16:41,Holy moly was this amazing. I love shojo so I was excited to try BLR especially after seeing it on Phantom Gourmet and it did not disappoint. Definitely...,Boston,98.57564730299718,1.4243526970027378
4998,bostonia-public-house-boston-4,5,2017-03-28 09:18:04,Walking around Boston on a cold night we stumbled upon Bostonia during a Celtics game. It was a great place to warm up and watch the game.   We had a cozy...,Boston,85.48662348931101,14.513376510688817
4999,bostonia-public-house-boston-4,1,2017-04-04 05:42:15,Not as good as the reviews made it out to be. Really disappointed in their wine selection. Everything was from the west coast... bleh. I started with...,Boston,66.8610450463773,33.13895495362274
5000,bostonia-public-house-boston-4,2,2017-03-31 11:57:38,Food was mediocre at best and the prices are astronomically high for what you get.My boyfriend ordered the salmon with polenta fries. The fries came out...,Boston,93.56905408242002,6.43094591758015
5001,bricco-boston-6,5,2017-04-03 19:35:33,Came out for Dine Out Boston 2017 with The Boy. Very excited because we heard such great things about Bricco; everyone I know - foodie or non-foodie - raves...,Boston,5.934883025149768,94.06511697485014
5002,bricco-boston-6,3,2017-04-08 09:46:35,The good:- the food was delicious very delicate and well seasoned- the wine was delicious and well paired- our waiter who was Spanish was absolutely...,Boston,95.3651319853262,4.6348680146734065
5003,bricco-boston-6,3,2017-03-17 06:05:22,I came here yesterday for Dine Out Boston and it honestly wasn't too bad. Essentially I am a tough grader when it comes to handing out 4 or 5 stars and...,Boston,91.88386987495468,8.116130125045387
5004,carmelinas-boston-2,5,2017-04-18 07:25:42,Great spot in North end to grab a nice meal before the Boston Bruin playoff game at the TD garden!  It's only a 10 minute walk and Paul Revere's house is a...,Boston,42.05195594557489,57.948044054425516
5005,carmelinas-boston-2,5,2017-04-14 17:41:51,I haven't had a chance to eat here yet. But I had to give an awesome rating to the manager that night. My wife and I had reservations there for earlier...,Boston,84.62222498202485,15.377775017975228
5006,carmelinas-boston-2,5,2017-04-03 15:21:33,Place is tiny so have a reservation. Also they do not have a full bar just wine and a few cocktails; you have been warned.The food is pretty amazing. We...,Boston,71.17244654464713,28.82755345535263
5007,city-tap-house-boston,5,2017-03-18 11:02:29,Catching up on my reviews:Great place. It had  opened about a week before when we went.We popped in after the car show at the convention center without...,Boston,12.40158054871302,87.59841945128687
5008,city-tap-house-boston,4,2017-04-10 19:11:31,City tap house will definitely become THE after work yuppie hang out this summer. I've now been here for two events. i was struck specifically by the...,Boston,92.90171802852268,7.0982819714775065
5009,city-tap-house-boston,4,2017-03-14 08:28:59,This rating is solely based on experience in the bar area.I have been to City Tap House twice- once for late night drinks and most recently during Sunday...,Boston,78.04358648836038,21.95641351163939
5010,coda-boston,4,2017-02-21 06:36:24,If you are in Back Bay and want a ridiculous breakfast and/or brunch stop your search now and go here now.  Oh hell..if you can get on the T and get to Back...,Boston,21.864487680009486,78.1355123199906
5011,coda-boston,3,2017-03-26 10:15:55,Decided to give Coda a try for brunch because the prices seemed very reasonable (in the end we realized they were aligned with portion sizes which were a...,Boston,93.32093122695161,6.679068773048582
5012,coda-boston,5,2017-02-01 13:05:24,The restaurant was smaller than I expected and my party had to wait--but that means it's that popular! We got a bunch for different appetizers and entrees...,Boston,73.51205064978822,26.487949350211593
5013,committee-boston,5,2017-04-19 18:02:34,This restaurant is located in the Seaport district in Boston.  It is Greek inspired food with tapas style plates served with the purpose for sharing between...,Boston,99.6470303223073,0.3529696776926541
5014,committee-boston,4,2017-04-17 11:11:58,This place is beautiful. Large open space with an industrial design. The floor to ceiling windows flood the room with light during the day. There's an...,Boston,91.95059860407453,8.049401395925036
5015,committee-boston,5,2017-04-10 06:00:53,Committee has been on my list for a while and it completely lived up to the hype! Great cocktails delicious food and excellent service made this a...,Boston,97.72866139125065,2.2713386087495873
5016,cornish-pasty-boston-3,5,2017-04-09 18:14:34,Something refreshingly different and delicious but casual and friendly enough to bring your kids. There are so many fillings so you'll be sure to find...,Boston,99.0062574427961,0.9937425572039607
5017,cornish-pasty-boston-3,5,2017-04-06 12:48:07,What's not to love about this place? Came hungry on Saturday around lunch time with my boyfriend and we had an amazing time seeking shelter from the snow....,Boston,90.1546277967129,9.845372203287235
5018,cornish-pasty-boston-3,5,2017-03-29 11:22:59,When I arrived I was immediately greeted by staff who were making pasties at that moment and working behind the bar. It was a chilly night so I got...,Boston,99.21492798367893,0.7850720163214006
5019,dig-inn-boston,5,2017-04-16 13:09:00,I'm very fond of the place. First and foremost their crew is excellent. I've been during busy times and slow times and no matter what they're just a...,Boston,97.9576750516842,2.042324948315668
5020,dig-inn-boston,5,2017-04-15 11:33:59,This was my first time experiencing Dig Inn and it was AWESOME!!!The food is a healthy alternative and the staff was AMAZING!!! GREAT customer service!!!!...,Boston,92.98362087299658,7.0163791270033045
5021,dig-inn-boston,3,2017-04-10 07:46:59,This place is okay.At first you get wowed by the quality of the food but after going here time and time again you realize how salty the food is. It's...,Boston,28.46325122216707,71.53674877783294
5022,dolphin-bay-boston,5,2017-04-11 12:55:13,This is the most authentic Taiwanese place in Boston. Love everything from their rice plates to desserts and bubble tea!Saw on Facebook the other day that...,Boston,88.85043331887171,11.149566681128736
5023,dolphin-bay-boston,4,2017-04-15 19:39:49,Finally got to come back and try their food again... years later lol!We shared the appetizer combo and the gua bao. I didn't try the bao so I can't say...,Boston,37.99380232614264,62.00619767385756
5024,dolphin-bay-boston,5,2017-04-09 16:45:19,Came here twice last week once with a coworker for dine in and another for takeout. Honestly never bothered to check it out bc the dolphin logo just kinda...,Boston,0.34366977094378137,99.65633022905645
5025,eastern-standard-kitchen-and-drinks-boston-3,5,2017-03-19 10:11:46,I went there with family to celebrate two birthdays in March.  We reserved a small private room off the main dining room which was comfortable yet we...,Boston,90.89541852546759,9.104581474532825
5026,eastern-standard-kitchen-and-drinks-boston-3,3,2017-04-10 07:32:31,I came here for brunch yesterday and at best I'd describe my experience as lukewarm.APPETIZERS: We started off with Malabar oysters and they were pretty...,Boston,77.3158067833814,22.684193216618542
5027,eastern-standard-kitchen-and-drinks-boston-3,4,2017-03-26 19:57:25,This place is dark red and sexy. I came here for dinner. They have a basket of matches when you check in I love taking those! I had a hard time picking a...,Boston,89.48207053871302,10.517929461287093
5028,fin-point-boston,5,2017-04-16 07:46:52,As a guest in the adjoining hotel I had low expectations. Boy was I wrong!Terrific breakfast twice and dinner once. Host/owner Mark was there each time...,Boston,94.63031400527774,5.369685994722127
5029,fin-point-boston,5,2017-03-21 17:11:58,Cancel your reservations to wherever you were planning on going and get yourself to Fin Point.  We dine out quite often and this was one of the best meals...,Boston,85.36085066430321,14.639149335696318
5030,fin-point-boston,1,2017-01-03 10:55:24,Went two times had a terrible experience...both times. Food is way overpriced and the cooks couldn't hit a proper temperature to save their lives. The first...,Boston,6.1762611830234455,93.82373881697677
5031,fuji-at-ink-block-boston,5,2017-04-09 16:17:51,I love the sushi! It has great service. I really recommend the salmon sushi. The average price is around 50 per person.The only inconvenience is the...,Boston,97.62740659959994,2.372593400400258
5032,fuji-at-ink-block-boston,4,2017-04-19 20:19:19,I was really excited to check out this high end sushi spot in Boston. We started with drinks so I warmed myself up with their version of an old-fashioned...,Boston,67.83100637856377,32.16899362143638
5033,fuji-at-ink-block-boston,5,2017-04-06 17:59:27,The food was amazing! Fried calamari was pretty crunchy and tasty. We also had volcano roll which was perfectly executed so much flavor! Service wise I...,Boston,83.08856940192031,16.911430598080116
5034,gaslight-brasserie-boston-4,5,2017-04-17 18:47:53,Came here for Easter brunch and let me tell you I enjoyed pretty much everything. I loved the ambience of the brasserie. It was super French modern and...,Boston,60.14598650805729,39.85401349194252
5035,gaslight-brasserie-boston-4,4,2017-04-14 17:56:36,Ordered:Mussels with a side of frites (Moules Frites)Escargot (MUST GET)Creme BruleeRoasted MushroomsHam Gruyere Sandwich (Croque-Monsieur)Price:I...,Boston,63.17181801160711,36.8281819883928
5036,gaslight-brasserie-boston-4,4,2017-04-08 09:29:39,Just had brunch here earlier this morning was a perfect brunch experience in my words. Made a reservation on OpenTable on Wednesday for 11 AM and it...,Boston,89.57049228027097,10.429507719728871
5037,giacomos-boston,5,2017-04-19 19:38:49,The last time I was in Boston was 6 years ago and still remember the dinner at Giacomo's... it was that good. There were 4 in our group this time and we all...,Boston,91.79740330800134,8.202596691998544
5038,giacomos-boston,5,2017-04-17 03:43:51,I am in love with this place and the Gnocchi which I will get to later. We arrived at 5pm the day before the Boston Marathon without reservations. The...,Boston,41.50767575646289,58.49232424353702
5039,giacomos-boston,5,2017-04-16 18:55:34,I'm typing this up as I waddle home after enjoying two decent sized rather delicious pasta meals. For those who haven't checked the time stamp and know...,Boston,19.70583183779634,80.29416816220333
5040,giacomos-ristorante-boston,5,2017-04-15 22:02:32,~cash only~SO worth the wait. Granted the weather was great so ~45 min wasn't all that bad. Normally a long wait outside eating next to strangers and...,Boston,11.237487509149831,88.76251249085027
5041,giacomos-ristorante-boston,5,2017-04-06 18:12:32,Food: 5/5      Price: 5/5         Service: 3/5         Ambience: 5/5THE BEST LOBSTER PASTA EVER!!!!! Holy crap I am beyond amazed by what I had tonight....,Boston,54.36573644880962,45.63426355119056
5042,giacomos-ristorante-boston,5,2017-04-06 01:44:02,Amazing! Some of the best Italian I've ever had. You really do find the best Italian in Little Italy of major cities (NYC Boston San Diego etc.) I heard...,Boston,99.35987542880443,0.6401245711956163
5043,gre-co-boston-2,5,2017-04-03 23:35:52,Excellent gyroI knew this place had good reviews but I was blown away by how good it actually was. I ordered the lamb pita with the spicy whipped feta.The...,Boston,18.10524340241618,81.89475659758376
5044,gre-co-boston-2,4,2017-04-15 19:38:10,I've been meaning to try this place and I'm so I got to enjoy it on such a beautiful day.The line is always long whenever I pass by and it was not any...,Boston,71.53193521196698,28.46806478803282
5045,gre-co-boston-2,4,2017-04-14 10:38:28,While in town for work I found this eatery on Yelp and decided to try for lunch.  Cute location and decor but easy to miss if you don't know it's there...,Boston,45.10252948400632,54.897470515993604
5046,hopewell-bar-and-kitchen-boston,5,2017-04-12 13:07:22,This is a great spot for all you hip yopros. The bar has an outstanding selection of draft beer and liquor. It's really a step up from all the other places...,Boston,96.5141664546999,3.485833545300079
5047,hopewell-bar-and-kitchen-boston,3,2017-04-18 08:36:01,I recently moved across the street from Hopewell. Being a recent college grad I was happy to find a place that mimicked my favorite dive bar. While Hopewell...,Boston,44.965453135661924,55.03454686433806
5048,hopewell-bar-and-kitchen-boston,5,2017-04-10 13:28:19,I'm a fan! Came here late one Friday night around 9 pm for dinner (silly I know). (The wait was 30-45 min long b/c the place was packed.) It did in fact...,Boston,9.358469422616995,90.64153057738321
5049,island-creek-oyster-bar-boston,5,2017-04-12 13:53:48,One of my must-go-to spots whenever I'm in Boston. The oyster variety and quality is great. Service is always on point. The lobster roll is one my...,Boston,84.81547224116504,15.184527758835204
5050,island-creek-oyster-bar-boston,4,2017-04-13 08:14:19,I ate here Friday evening after my flight was delayed in and we missed our reservations at B&G Oyster. We arrived ~ 6:30pm without reservations hoping to...,Boston,81.57096024711225,18.429039752887892
5051,island-creek-oyster-bar-boston,5,2017-04-12 08:35:10,If you hate trendy skip this place. But if you don't mind trendy and appreciate beautifully executed food this place will rise to the occasion.Skate...,Boston,84.32371619830661,15.67628380169327
5052,jm-curley-boston,4,2017-04-15 22:19:55,More like 3.5. I got the burger here because I heard seriously AMAZING things (even from the server) and I was less than impressed. The burger itself seemed...,Boston,41.91220533730966,58.08779466269024
5053,jm-curley-boston,5,2017-04-02 19:25:16,This is a relatively small bar but it's a great spot.Everything is decently priced great selection of beer delicious food and a friendly staff.It was...,Boston,92.38328722363367,7.616712776366407
5054,jm-curley-boston,3,2017-03-11 21:57:14,We walked in at 6:30 on a Wednesday night and the restaurant was packed! Luckily it was still only a 25min wait for a table for dinner. The food was pretty...,Boston,83.58232387655143,16.41767612344872
5055,koy-boston,5,2017-04-01 08:57:41,My fiancé and I arrived at Koy a little after 3 pm on a Tuesday before a Bruins game. The bar had a couple of locals and the dining room was empty. We chose...,Boston,11.136308978573982,88.86369102142582
5056,koy-boston,3,2017-04-19 17:38:02,Meh...I expect fusion to be something unique. The seared tuna was tasty but the golbi was boring. Funny. They have a steak and can add shrimp for $5 but...,Boston,83.36539388578586,16.6346061142141
5057,koy-boston,3,2017-04-03 18:44:15,Definitely wish Yelp had a function to rate decimals as I can't decide between a solid 3 or 4. If I could I would rate Koy a 3.5.Although I can't...,Boston,84.59653178843188,15.40346821156811
5058,la-famiglia-giorgios-boston-3,4,2017-04-02 11:35:14,Good stuff. Ate here with family on our first night on vacation. Chicken parm was good wife's chicken florentine was good my oldest got the rosa a gnochi...,Boston,81.74088002521769,18.259119974782454
5059,la-famiglia-giorgios-boston-3,5,2017-03-21 19:53:16,This place worships food. I haven't had this good Italian in a while. The pumpkin ravioli appetizer is out of this world good - definitely recommend it. The...,Boston,92.0216032261107,7.978396773889443
5060,la-famiglia-giorgios-boston-3,4,2017-02-24 19:52:30,It's been years since we have been here and I just remembered huge portions of mediocre food.  A friend raved about Fa Famiglia so we had to try it out...,Boston,64.44850560545649,35.55149439454364
5061,limoncello-ristorante-boston-2,4,2017-04-07 14:43:47,My go-to in the North End!  The food is delicious - I almost always get the lobster ravioli.  It's stuffed full of lobster so you get your money's worth!...,Boston,81.47954168534912,18.52045831465111
5062,limoncello-ristorante-boston-2,3,2017-04-03 12:41:45,"We tried this restaurant out on recommendation by my boss who said ""you can't go wrong with anything!""  Needless to say from the get-go I had high...",Boston,23.534135820648547,76.46586417935163
5063,limoncello-ristorante-boston-2,1,2017-03-27 15:38:31,Food here is bomb.com and deserves full 5 stars. The Rosette pasta didn't come out as pretty as some of the other pictures but the prosciutto cheese and...,Boston,87.76960829854501,12.230391701455204
5064,lincoln-tavern-and-restaurant-boston,4,2017-03-19 13:12:53,It was very packed when we came in. But we put our names down so they could send us a text when our table was ready. This place seems to get really busy on...,Boston,70.31872652357396,29.681273476426277
5065,lincoln-tavern-and-restaurant-boston,3,2017-03-05 17:25:24,Came here to celebrate a friend's birthday after a not so successfully place elsewhere. the vibe and decor is really nice and cozy. loved the exposed brick...,Boston,95.77817291425606,4.221827085744236
5066,lincoln-tavern-and-restaurant-boston,5,2017-02-23 09:12:53,BRUNCH. Apparently this place is lit. Came with a bunch of friends this past weekend it was SUCH a good time. Great atmosphere with typical 20-year-old...,Boston,60.96685320995168,39.03314679004842
5067,loco-taqueria-and-oyster-bar-boston,5,2017-04-11 10:58:49,I live for Mexican food and Loco is always my go to place when I am having a craving! ...which is always. Definitely start with a margarita and an order of...,Boston,40.23287488657592,59.7671251134242
5068,loco-taqueria-and-oyster-bar-boston,4,2017-04-09 16:37:11,Made reservations online for 5:30 and the place was pretty empty. As we ate though it filled up quick so i recommend making a reservation. We started...,Boston,94.47200780337684,5.5279921966233525
5069,loco-taqueria-and-oyster-bar-boston,4,2017-04-06 17:03:58,I've only been here for drinks but the drinks were great! They have a large bar and a great drink menu with some unique options. Average prices cool...,Boston,58.218826881094856,41.78117311890508
5070,lolita-cocina-and-tequila-bar-boston-2,5,2017-04-08 19:43:23,Fun and trendy spot that serves delicious tapas and awesome drinks. Came here for a friend's birthday on a Wednesday night around 7pm without a reservation....,Boston,97.71694095904897,2.283059040951359
5071,lolita-cocina-and-tequila-bar-boston-2,1,2017-04-18 09:23:05,I don't love it here any more. Since they've changed their menu slightly all their portions are significantly smaller. We got the quesadilla tacos and...,Boston,79.3609569870179,20.639043012982324
5072,lolita-cocina-and-tequila-bar-boston-2,4,2017-04-07 15:54:53,I can see why people like Lolita.  First of all it's not pretentious outside so it's easy to miss but it's got this cool gothic dungeon-y feel when you...,Boston,61.75768845986761,38.242311540132334
5073,lukes-lobster-back-bay-boston,5,2017-04-15 17:30:00,Tasty lobster roll for a decent price! Large chunks of lobster in a perfect buttery roll. Clam chowder was pretty good as well. A little more potatoes...,Boston,83.73880191735584,16.261198082644032
5074,lukes-lobster-back-bay-boston,4,2017-04-19 12:23:14,Awesome service and cool concept to eat some locally sourced seafood. Understanding that seafood is not cheap particularly the good kind this still place...,Boston,67.5812040217815,32.418795978218185
5075,lukes-lobster-back-bay-boston,4,2017-04-17 11:14:05,Had my very first lobster roll and cup of clam chowder here and it set the standard pretty high for any lobster rolls to come. I was visiting for a...,Boston,88.16233541009942,11.837664589900694
5076,lukes-lobster-downtown-crossing-boston,5,2017-04-10 11:30:49,OH MY! everything was excellent! Lobster roll Crab rollClam chowder Crab claws  and C.G.C!,Boston,77.40618092236467,22.593819077635256
5077,lukes-lobster-downtown-crossing-boston,4,2017-04-18 13:08:41,I reviewed Luke's Lobster back on January 31 2017 and I gave it a four-star rating. One thing I figured I'd do in the future would be to order the same...,Boston,56.514439941662495,43.48556005833767
5078,lukes-lobster-downtown-crossing-boston,4,2017-03-23 09:31:35,The chowder is some of the best I've had in the area. Not too salty not too thick not a lot of potatoes and just the right amount of clams. I'm a chowdah...,Boston,22.949680890313477,77.05031910968664
5079,ma-maison-boston,5,2016-10-16 17:01:24,"Definitely one of the best in Boston a city where the food is overall stereotypically ""bland"" (compared to NJ/NY). This restaurant reminded me of NY's...",Boston,73.80128488422001,26.198715115780068
5080,ma-maison-boston,4,2017-03-03 11:51:36,Pretty good food. Priced right. We ordered the chicken and venison. Both cooked really well. Venison came on a bed of sweet potato puree and blueberries....,Boston,96.75358325159397,3.246416748406258
5081,ma-maison-boston,5,2017-02-18 15:59:57,Very good French food with reasonable price! Nice portion for the foie gras. Duck breast was one of the best I tried. Very tender! And absolutely the best...,Boston,91.8770553776788,8.122944622321684
5082,myers-and-chang-boston,4,2017-04-18 06:59:00,This is the perfect group outing place. That being said make reservations. We made reservations a month in advanced and on the day of the Boston Marathon...,Boston,41.2376966055697,58.76230339443013
5083,myers-and-chang-boston,5,2017-04-09 07:42:38,"Hi I'm MinhI wanted to hate this place.I really really really dislike ""Asian Fusion"" because chefs try to swag out some delicious traditional food....",Boston,99.5877599586822,0.4122400413176479
5084,myers-and-chang-boston,4,2017-04-04 09:23:56,Some of the most unique asian fusion food I've had. Didn't realize just how popular this place was until my friend and I couldn't get a reservation before...,Boston,97.79437803302893,2.205621966971203
5085,neptune-oyster-boston,5,2017-04-17 07:48:45,When a spot is this popping you almost want to keep it to yourself. Sadly cat's already out of the bag on this one.Lobster roll and chill. That's all...,Boston,49.58457475408824,50.41542524591175
5086,neptune-oyster-boston,5,2017-04-17 06:17:50,AMMMMMMMMAZING!!! Favorite restaurant in Boston!Started off with some oysters all fresh and great. Got the Johnny Cake which is a pancake with some sort...,Boston,45.05043118409554,54.949568815904456
5087,neptune-oyster-boston,5,2017-04-15 18:53:02,Read this because Neptune Oyster definitely needs another 5 star review...Neptune hands down served me the best lobster roll I've ever had. It is 100%...,Boston,86.83295880231576,13.167041197684014
5088,ocean-prime-boston-2,5,2017-04-01 05:21:48,For my brother's birthday dinner. What a pleasant experience. Let me start by saying I completely dislike when a server/wait(er)(ress) makes you feel...,Boston,87.95826667283006,12.041733327170169
5089,ocean-prime-boston-2,5,2017-03-28 12:41:14,Great locationGreat foodGreat serviceGreat vibeGreat cocktailsAnd reasonably priced valet parking right outside the door,Boston,68.10756145902579,31.89243854097429
5090,ocean-prime-boston-2,3,2017-03-21 06:00:54,I'm a seafood lover so maybe I have slightly higher standards especially for a place like Ocean Prime. Yes they do have very fresh seafood as well as use...,Boston,83.24397701696236,16.756022983037553
5091,ostra-boston,5,2017-04-03 07:15:18,Ostra is an absolutely fabulous restaurant that anyone living or visiting Boston should eat at! The service is incredible (as it should be because you are...,Boston,89.82678769701343,10.173212302986435
5092,ostra-boston,4,2017-04-15 06:21:21,We came here on a Friday night for a very early dinner. The ambience is beautiful and I found most of the staff to be welcoming even though we brought our...,Boston,29.381066381894023,70.61893361810577
5093,ostra-boston,4,2017-03-30 19:26:40,Ostra is one part high-ceilinged art house one part restaurant all parts fancy. It's modern Mediterranean so it's a hop and a skip across Spain and Italy...,Boston,93.96672860652163,6.033271393478754
5094,outlook-kitchen-and-bar-boston,5,2017-04-11 07:08:51,Great breakfast! $15 for three egg omelet - super fresh $18 for lobster eggs Benedict.  Lotsa lobsta!,Boston,91.30223284723589,8.697767152764314
5095,outlook-kitchen-and-bar-boston,3,2017-04-15 13:29:38,First Yelp should really split the ratings between food and service AND allow you to put 1/2 stars.   That being said 3 was the average where food was a 4...,Boston,78.99322768619996,21.006772313799942
5096,outlook-kitchen-and-bar-boston,4,2017-03-18 15:06:28,came here early with a group of 11 on a saturday morning for breakfast. LOVE the envoy hotel! great interior very modern and sleek. i believe the bar...,Boston,76.7190988216051,23.28090117839455
5097,pabu-boston-boston-2,5,2017-03-26 12:53:55,One of the most memorable restaurant I visited in Boston. Upon entering the host greeted me with a warm smile and sat us in a two table window seat. The...,Boston,98.3809125426658,1.6190874573342415
5098,pabu-boston-boston-2,4,2017-03-30 09:39:04,I've been here for dinner and lunch. And I've got to tell you lunch is when PABU shine bright like a diamond!I came in when it was cold out. This kind of...,Boston,49.44446052273249,50.555539477267665
5099,pabu-boston-boston-2,4,2017-03-23 08:10:53,I had such a good time here the first time around that I came back again fairly soon afterwards. I did the kaiseki tasting the first time so thought I'd...,Boston,47.315871523622036,52.68412847637817
5100,panza-boston,4,2017-03-27 22:27:30,Came by on a Saturday morning around 1145am and there was no wait at all! Giacomo's across the street was not open at that time and what else do people go...,Boston,46.490401024806616,53.50959897519315
5101,panza-boston,1,2017-04-03 15:24:50,I found this restaurant by chance when I first moved to Boston in 2010. I went many times and have recommended it to many people. I thought of it as my...,Boston,93.6082184420896,6.39178155791012
5102,panza-boston,4,2017-03-25 21:04:59,My wife and I had dinner at Panza in March 2017.  I was initially concerned as I had made reservations on opentable.com.  I had asked for a 7PM reservation...,Boston,48.500956525409684,51.49904347459023
5103,paulis-boston,5,2017-04-14 11:07:34,Wow this is what a Lobsta Roll is supposed to taste like!!! My bf and I had originally found Neptune's next door which supposedly has the best lobster...,Boston,26.30563809482165,73.6943619051784
5104,paulis-boston,3,2017-04-18 08:45:07,Warm buttery and lightly toasted lobster roll!It was a guaranteed good lobster roll.  However it was lacking the spazz to make it glorified!  They toss...,Boston,77.28043134117745,22.719568658822737
5105,paulis-boston,4,2017-03-31 08:47:15,Buffalo Chicken Caesar Salad.  Four words that will change your life.  Get extra (homemade) croutons.  Order online.  Walk in.  Pick it up.  Walk out....,Boston,99.96361194024772,0.036388059751954006
5106,petes-dockside-boston-2,5,2017-02-01 09:56:58,"Finding this hidden gem is as inglorious as it gets: at the end of a loading dock with an unmarked door. But the phrase ""don't judge a book by it's cover""...",Boston,96.29599095531512,3.704009044684807
5107,petes-dockside-boston-2,4,2017-02-08 12:07:32,Tried the seafood combo it was decent. I went in around 10 am and was told I might have to wait longer to allow the fryolator to warm up. A Decent portion...,Boston,58.6856611795808,41.31433882041928
5108,petes-dockside-boston-2,1,2017-04-19 19:38:43,Yuck! Pass!! I have no idea why the high ratings. My omelette tasted like it came out of a can. Yes the whole thing out of a can. Ugh! Boston you let me down!,Boston,8.656892686594004,91.34310731340578
5109,piattini-boston-3,4,2017-04-11 21:27:37,Simple looking place Saturday nights luckily found a reservation. They have got some good Italian dishes. Their bread was good would prefer some...,Boston,97.7127377222652,2.2872622777346945
5110,piattini-boston-3,4,2017-04-03 09:09:27,I've been here a few times -- a handful before the renovation and once just recently after.It's nice to know this place is still a gem! Newbury street...,Boston,58.07116352407146,41.92883647592878
5111,piattini-boston-3,5,2017-03-26 12:47:51,Such a great spot! The waitress was awesome gave great recommendations and explained the wine pairing menu to us when we told her we had never been here...,Boston,88.07090906451236,11.929090935488107
5112,pomodoro-boston-2,5,2017-04-05 09:16:13,Awesome small restaurant in the North End literally small. Oh and we found out it was CASH ONLY but thankfully we had enough. Came on a Sunday night...,Boston,90.25689759110975,9.74310240889043
5113,pomodoro-boston-2,5,2017-04-02 14:01:06,This may be one of the smallest restaurants in all of the North End but boy do they deliver on the food front.  Had the veal and green olive risotto....,Boston,97.27674414326863,2.723255856731125
5114,pomodoro-boston-2,5,2017-04-01 11:31:46,This restaurant is one of the best if not the best Italian spot that I have ever had. It was very nice of them to give us a last minute reservation as...,Boston,69.92181199890166,30.078188001098543
5115,porters-bar-and-grill-boston,4,2017-03-14 09:30:06,Came here before B's matinee vs Philly after being told it was a 35 minute wait at The Fours even though we got there at 11a; yikes. Glad we came; not many...,Boston,6.81285136487602,93.18714863512427
5116,porters-bar-and-grill-boston,3,2017-02-19 05:55:00,Porters bar and grill was solid place to get some food. I think overall the place is more of a bar with solid food than a restaurant. Everything was simple...,Boston,89.58264254618332,10.417357453816894
5117,porters-bar-and-grill-boston,4,2017-03-30 06:30:49,This has a almost dive bar feel close to TD garden and their jalapeno burger is the real deal. Toppings were listed as lettuce tomato guacamole and...,Boston,31.770364327393263,68.22963567260628
5118,porto-boston,5,2017-04-02 14:15:16,Dined here last night for my third time.  We were celebrating my brother-in-law's birthday.  His request was oysters but we also had to accommodate my...,Boston,61.92947824859198,38.07052175140793
5119,porto-boston,5,2017-03-18 12:28:56,Had brunch on a Saturday here and it was perfect. Not too busy great upscale decor with tons of natural light from the floor to ceiling windows.We...,Boston,85.33102906609275,14.668970933907488
5120,porto-boston,4,2017-03-14 06:20:36,Spacious sleek modern decor make Porto a fine place for brunch.  Floor to ceiling full wall  windows makes for a bright and airy ambiance.  With early...,Boston,99.40962598354594,0.5903740164545683
5121,publico-street-bistro-and-garden-boston,5,2017-04-16 15:58:55,New restaurant that recently opened up in the area. Large dining area with plenty of tables and chairs. The other room is an enclosed outdoor area perfect...,Boston,99.76173518539935,0.2382648146008185
5122,publico-street-bistro-and-garden-boston,4,2017-04-09 14:22:51,Happy to see this new addition to our neighborhood. Went here on a Saturday night after making reservations. It was definitely packed and seemed to be...,Boston,55.795932534444724,44.20406746555513
5123,publico-street-bistro-and-garden-boston,5,2017-03-24 17:40:26,This place was everything I expected it to be - good food and drinks !Anyway our server Maria was very proffessional and kept coming to our table to make...,Boston,38.61782655440796,61.382173445592116
5124,q-restaurant-boston,4,2017-04-19 21:21:01,Must come here for the lunch special during the weekdays from 12pm - 3pm.ENTREE 1: Hot Pot (cost depends on what meat you get) - I got the basic broth. It...,Boston,13.243774805302412,86.75622519469803
5125,q-restaurant-boston,4,2017-04-19 13:09:12,My parents and I stopped at Q Restaurant last Thursday night. We put our name in and then left the restaurant because the bar was too crowded (I'd recommend...,Boston,70.52578706984814,29.474212930151843
5126,q-restaurant-boston,3,2017-04-01 10:39:51,This restaurant has so much potential but is ran by high school kids that could care less. My boyfriend and I arrived at Q Restaurant around 3pm and got...,Boston,35.484444248726234,64.51555575127374
5127,row-34-boston,5,2017-04-15 14:32:51,One of my most satisfying meals in Boston!Highlights: (basically everything we ate!!!)-Lobster roll - really outstanding one. For the $36 you pay they...,Boston,99.59524003448038,0.40475996551938487
5128,row-34-boston,4,2017-04-17 08:23:04,I went back for dinner with friends and confirmed that this place serves great food.  We loved the avocado salad the tuna crudo (again!) the smoked fish...,Boston,89.10595266152063,10.89404733847949
5129,row-34-boston,5,2017-04-15 06:30:31,We came here for lunch. I found that everyone working here was incredibly kind and accommodating. We were seated right away inspite of not having a...,Boston,51.96648538932295,48.03351461067717
5130,ruka-restobar-boston,4,2017-04-03 15:48:01,Hi I'm MinhSuper dope place for a nice lunch!Came during restaurant week and took a seat at the near empty bar!The bartender was very knowledgeable and...,Boston,34.619446185184735,65.38055381481513
5131,ruka-restobar-boston,1,2017-03-31 09:06:50,I'm usually way too lazy/indifferent to leave Yelp reviews but I feel compelled to do so after an unforgettably terrible dinner at Ruka. This place is...,Boston,52.46609008148136,47.53390991851853
5132,ruka-restobar-boston,2,2017-03-25 22:15:48,PASS!!The drinks are expensive and mostly taste like juice. The food portions are small and taste plain. If you want good japanese food go somewhere...,Boston,13.612512734077223,86.38748726592308
5133,saltie-girl-boston,5,2017-04-05 16:24:14,Great atmosphere great people great drinks great food. I stopped in here after a craving for seafood and drinks on the recommendation of good reviews. I...,Boston,47.05157983905333,52.94842016094681
5134,saltie-girl-boston,4,2017-04-16 11:27:04,Super small ~10 table tops with a bar seafood depot of sorts no reservations available. With all of that in mind we dined on a rainy weekday for lunch...,Boston,43.797270058278684,56.20272994172092
5135,saltie-girl-boston,5,2017-03-29 00:03:06,This restaurant really surprised me. I wished we ate here earlier during my trip because I would have definitely come more than once. We ordered their fried...,Boston,97.65004180707197,2.3499581929277955
5136,santouka-back-bay-boston-2,4,2017-04-19 16:10:51,Every time I come here there's a huge line! This place is another place that won't seat you until the whole party is present! They used to have a waitlist...,Boston,58.33488970967239,41.66511029032766
5137,santouka-back-bay-boston-2,4,2017-04-13 13:35:18,I've only just recently discovered the wonderfully subtle favour of Ramen. As many others inspired to try it by the Chef's Table episode on Ivan Ramen....,Boston,99.89726469835904,0.10273530164078845
5138,santouka-back-bay-boston-2,4,2017-04-13 06:53:31,A dainty place right behind Newbury street! The ramen isn't the best I've had but the locations of this chain restaurant makes up for it. I had the spicy...,Boston,96.19743676162304,3.80256323837673
5139,scollay-square-boston,5,2017-01-31 13:12:39,Really yummy! Came here on a Friday after work (not crowded which was great even though we made reservations) and we all had great drinks great food and...,Boston,86.74205167304459,13.25794832695553
5140,scollay-square-boston,4,2017-01-15 15:41:41,Located at the top of Beacon Hill this sundrenched restaurant is the perfect brunch spot. It has large windows that let in a ton of natural light. Inside...,Boston,94.4051416179178,5.594858382082553
5141,scollay-square-boston,3,2016-12-30 08:14:08,Overall I thought the food was just okay. There were some components of our dishes that were amazing and others that could have been better. We came for...,Boston,93.23205418967542,6.767945810324425
5142,scopa-boston,5,2016-10-31 16:34:18,It's so tiny. The open face restaurant with bar stools and a tiny new American Italian menu delivers with stars with impressively tasty personal flatbread...,Boston,99.15381945171994,0.8461805482798911
5143,scopa-boston,3,2017-03-04 19:27:14,Scopa is small and easy to miss but it's an open face restaurant and I could only imagine what it'd be like to eat here in warm weather. Unfortunately it...,Boston,52.01731877978274,47.98268122021739
5144,scopa-boston,4,2017-01-26 20:51:25,Overall good experience and tasty food.The room is very small but was able to jump in and grab a table the last table for two at around 8pm.We ordered...,Boston,96.77210313703699,3.2278968629628526
5145,shojo-boston-2,5,2017-04-11 15:44:50,Bad name but good food and service ;) and fair rates very nice servers Thank u,Boston,16.28882598255505,83.71117401744503
5146,shojo-boston-2,3,2017-03-18 19:39:49,We ordered two dishes for dinner - one hit and one miss.The duck fat fries (made shadowless) were a fantastic surprise. The fries already delicious and...,Boston,94.07080368877614,5.929196311223444
5147,shojo-boston-2,5,2017-03-04 09:47:48,A very trendy atmosphere much different from a lot of the other places in Chinatown. We were seated quickly at a table even though it was fairly crowded. We...,Boston,96.22247631603636,3.77752368396363
5148,silvertone-boston,4,2017-03-17 19:26:08,Came here for dinner and arrived later in the evening (like 8 or so). Upon said arrival I wasn't greeted by anyone for quite some time and by the time the...,Boston,90.27823333264811,9.721766667351709
5149,silvertone-boston,5,2016-12-22 05:35:22,Was here a few weeks ago for a late lunch and it's still as good as I remembered it. Very wide range American food menu that is consistently tasty. I had...,Boston,93.07952785733782,6.9204721426624785
5150,silvertone-boston,4,2016-11-30 18:06:07,Downstairs easy to find and a decent meal and drink. Bartender was friendly I can't remember his name although he did strike up a conversation (we were...,Boston,38.916379329994534,61.08362067000511
5151,sportello-boston,4,2017-03-30 07:08:45,(This review is from a vegetarian perspective)What do I have to add that hasn't already been said? It was a delight and since my mom took me there to...,Boston,90.42090222632507,9.579097773674835
5152,sportello-boston,2,2017-03-20 13:47:26,Sportello has a clean and fresh vibe. However few things I did not like. The tables are very close together (can easily hear others conversations). A...,Boston,98.28679119369485,1.7132088063048365
5153,sportello-boston,3,2017-03-15 15:23:15,Food: Great (mostly)Seating: AwfulService: Bizarre Great food but small portions - we were actually still hungry at the end of the meal. We loved the...,Boston,77.67089290800392,22.32910709199622
5154,srv-boston-boston,5,2017-04-09 14:33:27,Decided to check out SRV after reading so much about them.  I was pleasantly surprised by this restaurant.  The interior is open and modern and the servers...,Boston,79.66950953772574,20.33049046227427
5155,srv-boston-boston,4,2017-04-19 10:13:52,"In Venetian SRV stands for ""Serenìsima Repùblica Vèneta""   the Most Serene Republic.  This is Venice's motto.   This restaurant in Boston's South End...",Boston,99.99287366324108,0.007126336758657127
5156,srv-boston-boston,5,2017-04-06 22:46:53,(Went here for a dinner with the girlfriend - excellent choice for dates :D )The atmosphere was a good blend of upscale and casual with a great waiting...,Boston,95.68403048599909,4.315969514000904
5157,state-street-provisions-boston,4,2017-03-06 19:37:40,Went here with some old college friends on a Friday night.  We waited 10 minutes or so to grab a table so we ended up sitting at the bar.  Compared to some...,Boston,41.35165697345094,58.648343026548865
5158,state-street-provisions-boston,1,2017-02-19 15:41:28,I came here for dinner tonight with my friends. It took one hour for a cheese plate to arrive at our table. I've been here before but apparently this place...,Boston,90.2365249916498,9.7634750083502
5159,state-street-provisions-boston,3,2017-02-15 19:14:05,Unfortunately very lack luster experience. Disclaimer this review is for drinks/atmosphere only and on a weeknight during the cold months.- place is...,Boston,95.87025433548905,4.129745664511028
5160,tapestry-boston,5,2017-04-09 15:59:08,Batender Christian is a native Bostonian and is an experienced bartender that can recommend the appropriate drink with your meal. I had the pleasure of...,Boston,43.02263651531541,56.97736348468442
5161,tapestry-boston,3,2017-03-26 18:21:37,Nice location. Interesting how the resto is split between a casual light bright dining room and bar and a darker more serious club room style dining room...,Boston,94.83927868887663,5.160721311123159
5162,tapestry-boston,4,2017-03-20 13:35:17,This place is a hidden gem in fenway. Definitely recommend. It has a fresh contemporary vibe. The food was great (I recommend crispy potatoes and truffle...,Boston,99.70812207167526,0.29187792832493453
5163,teatro-boston,5,2017-04-04 10:17:31,Teatro is one of my favorite restaurants in Boston.  It has a cozy feel to it since it is just one dining room with tables close together  but that's how...,Boston,81.76116512704593,18.23883487295427
5164,teatro-boston,2,2017-04-17 05:18:14,I had a friend in from out of town who wanted some steak. I'd walked past Teatro many times had a few drinks at the bar and liked the atmosphere ... but...,Boston,85.94372050364586,14.056279496353877
5165,teatro-boston,5,2017-03-08 08:03:38,This place has amazing Italian food and its just a short walk from the Park Street green line stop for those of us who prefer short walks after a full...,Boston,93.54862461142157,6.451375388578209
5166,the-beehive-boston,5,2017-04-05 08:55:39,Overall: Unique tasty food at a good price with a great atmosphere. Went here for weekend brunch and definitely will be coming back. Wait staff were very...,Boston,97.85891383195818,2.1410861680418143
5167,the-beehive-boston,2,2017-04-11 18:49:26,Lukewarm describes my feelings towards the Beehive. My friends and I were visiting Boston for the weekend and we saw the Beehive was: 1) close to the hotel...,Boston,84.43709217439782,15.562907825602116
5168,the-beehive-boston,3,2017-04-06 04:37:19,I had been excited to try the Beehive for a while because of the jazz brunches but I left very underwhelmed. The restaurant was booked all day but my...,Boston,98.32128920118434,1.6787107988155408
5169,the-brewers-fork-boston,5,2017-02-24 21:15:44,I recently moved to the Charlestown area and have been in search of a low key unique spot with great food and beer. After the recommendation from a...,Boston,89.63310909408965,10.366890905910383
5170,the-brewers-fork-boston,4,2017-04-10 15:34:12,My boyfriend and I were excited to check this place out. We went on a Saturday around 5pm and were fortunate enough to be seated right away. There were a...,Boston,36.653829746115775,63.34617025388406
5171,the-brewers-fork-boston,3,2017-01-08 19:44:09,Not bad but didn't live up to the hype.The beer is really expensive- a large hefe glass of Weinstephaner Vitus was $11 and there was no beer cheaper...,Boston,32.77315705418275,67.22684294581734
5172,the-daily-catch-boston,4,2017-02-26 23:14:07,If you are walking down Hanover you'll see a group of people lined up for 4 different restaurants/stores and this place is one of them so expect a wait...,Boston,16.004370372719347,83.99562962728038
5173,the-daily-catch-boston,5,2017-02-20 12:39:14,Hi I'm MinhWinner winner chicken dinner!!!Or should I say Seafood dinner??Daily catch is a definite staple in the North End and after eating here three...,Boston,80.53652720372187,19.46347279627831
5174,the-daily-catch-boston,3,2017-02-11 18:08:14,Since we moved here last August quite a few people recommended this restaurant so naturally my husband and I waited in line for 45 minutes to eat at this...,Boston,87.88232142738853,12.117678572611348
5175,the-frogmore-boston-2,5,2017-03-09 15:12:49,The Frogmore. Food is delicious reasonably priced and in great portions atmosphere is good lots of ivy and awesome wallpaper. Staff is extremely friendly...,Boston,91.26646745514083,8.733532544859292
5176,the-frogmore-boston-2,4,2017-02-05 10:41:04,I loved it! My boyfriend and I stopped by on a Friday night and the place was fairly busy. The decor is unique and homey. The entrees are a bit pricey and...,Boston,51.309397916365626,48.69060208363471
5177,the-frogmore-boston-2,4,2017-01-30 10:10:14,I don't understand how this place wasn't packed on a Friday night. The story: We sat down at virtually empty bar at 6PM on the nose. I've watched enough...,Boston,9.074376546553346,90.92562345344668
5178,the-gallows-boston,5,2017-04-13 17:53:56,Visiting Boston's Back Bay area and got SOOOOO tired of fighting the throngs of people on Newberry and Boylston... went searching the South End for a less...,Boston,97.30539621122372,2.6946037887764906
5179,the-gallows-boston,5,2017-04-06 14:13:39,This was my second time at the Gallows and my experience was excellent just like the first. It's been awhile since my first time but I remembered I loved...,Boston,95.18369919318373,4.81630080681656
5180,the-gallows-boston,5,2017-04-01 06:41:15,One of the top 5 burgers I've ever had. Really though it was amazing. The bun was the perfect softness yet strong enough to hold together the entire time....,Boston,98.53687579719744,1.4631242028027003
5181,the-little-kitchen-boston,5,2017-03-12 18:27:42,Like going to a Chinese friend's house for dinner... IF your friend is an amazing cook and has been prepping all afternoon and also IF your friend doesn't...,Boston,85.6682488222526,14.331751177747625
5182,the-little-kitchen-boston,4,2017-03-28 22:39:59,CHEAP CANTONESE FOOD! A large bowl of porridge and a hot pot of rice is only $12!? Worth every penny! Came here twice on my 4 day trip in Boston. The...,Boston,58.206499106486106,41.793500893513794
5183,the-little-kitchen-boston,5,2017-03-02 12:08:29,Hungry and in a rush I stopped by this little gem to get some scrumptious wonton noodle soup and scallion pancake. It took roughly ten minutes to get my...,Boston,52.04898286767957,47.95101713232014
5184,the-paramount-boston,5,2017-04-14 17:45:36,Ordered:Grilled ReubenBreakfast BLTIced CoffeePrice: Extremely fair and decently priced!Location:Located near public garden and boston...,Boston,95.40066204645716,4.5993379535431735
5185,the-paramount-boston,4,2017-04-11 20:59:55,Caramel Banana French toasts and chocolate chip pancakes are my absolute favorites here. Avoid blueberry pancakes because it gets really soggy in the middle...,Boston,56.721988610311094,43.27801138968892
5186,the-paramount-boston,4,2017-04-10 08:58:27,I had to finally see what everyone was talking about when I found myself with some extra time for breakfast this morning. I went with a friend pretty early...,Boston,51.27648394173014,48.72351605826993
5187,the-parish-cafe-boston,4,2017-04-17 06:45:13,I came here after an event in the area. I came even before they had opened and there was already a long line outside. Is this normal for a weekend...,Boston,73.74426394944877,26.255736050550993
5188,the-parish-cafe-boston,4,2017-04-11 15:08:06,I'm a fan of Parish Cafe.The food is delicious - sandwiches designed by local chefs around Boston.You can never go wrong with the Flour BLT &...,Boston,25.148292456574143,74.85170754342563
5189,the-parish-cafe-boston,3,2017-04-09 19:43:41,I love the concept. Don't have $100+ to drop at Bondir? Get the Bondir Brisket. Can't get a reservation at Toro? Get the Benny (as designed by Ken...,Boston,22.223233040719606,77.7767669592806
5190,the-salty-pig-boston,5,2017-04-05 20:02:29,Pulchritudinous pork! This place does pig parts and charcuterie boards right! They have a few different options- pizza or charcuterie. We opted for the...,Boston,85.18445519588921,14.815544804110681
5191,the-salty-pig-boston,4,2017-04-09 16:55:18,I made my way to The Salty Pig on a Friday night for dinner with my boyfriend while he was in town. They don't take reservations for parties less than 6...,Boston,61.84030277814012,38.15969722185979
5192,the-salty-pig-boston,4,2017-04-05 07:34:06,Came for a drink and some light dinner. It was pretty packed for a random weeknight but we were lucky enough to get a couple seats at the bar area. Our...,Boston,31.602900677344643,68.3970993226555
5193,the-tap-trailhouse-boston-2,5,2017-04-02 19:35:52,Great new england pub.  The guy in the back clearly cares about what he's sending out.  The prices aren't too high.  Great beer selection.  New England...,Boston,95.97830254836013,4.021697451639733
5194,the-tap-trailhouse-boston-2,3,2017-03-01 12:13:41,I thought the food was definitely better than the service but overall not really my type of restaurant. They do offer a lot of beers hence the name...but I...,Boston,85.67540988526966,14.324590114730432
5195,the-tap-trailhouse-boston-2,4,2017-02-09 00:18:29,We came here while visiting Boston for the Extreme Craft Beer festival so we wanted a good pub to eat but also continue drinking great microbrews. Tap...,Boston,99.74690114811571,0.253098851884699
5196,the-tip-tap-room-boston,4,2017-04-10 18:32:25,This review can only speak to the beverages and quality of service at The Tip Tap Room - I have never had any of their food. But my friends and I came by on...,Boston,93.39447938637385,6.60552061362604
5197,the-tip-tap-room-boston,3,2017-04-13 11:42:49,Well they definitely have a nice selection of beers! I came here on a Monday night and it was slow. We sat at the bar and the bartender was friendly and...,Boston,13.965896280210051,86.03410371979
5198,the-tip-tap-room-boston,2,2017-04-13 09:26:20,Was disappointed with tip tap room. Went for drinks after work for their draft selection but found the layout super uncomfortable. As somewhere that...,Boston,58.418159022097235,41.581840977903234
5199,toro-boston,5,2017-04-16 11:28:37,They weren't kidding when they said this place gets CROWDED! My friends and I walked in a half hour before the kitchen opens put our name down and by...,Boston,30.7382621570029,69.26173784299694
5200,toro-boston,4,2017-04-15 17:16:36,Delicious paella jamon wrapped date & Hillis beverage! Skip the churro hard lacks flavor and texture server and bartender nice :) Got there at 6pm on...,Boston,17.187470236297802,82.81252976370206
5201,toro-boston,2,2017-04-12 20:49:34,My friend keep telling me about this place. so I give it a shot. food was ok not like WoW. May be because I'm from New York and have higher...,Boston,56.11185026876413,43.88814973123594
5202,trattoria-il-panino-boston,5,2017-03-06 20:14:59,Came here on a Sunday evening with a former college roommate.  We reserved for 7pm and were seated almost immediately.  I ended ordering the ziti al...,Boston,10.166699659268168,89.83330034073214
5203,trattoria-il-panino-boston,2,2017-04-15 15:03:38,Muscles appetizer and the wine were good. Service was friendly too. But everything else sucked. It was very disappointing to see an Italian restaurant in...,Boston,36.96334284648465,63.03665715351521
5204,trattoria-il-panino-boston,2,2017-04-02 22:28:41,I was excited to eat here after reading the raves about the food. Maybe my expectations were too high but my experience was less than enjoyable.I arrived...,Boston,22.900055056485566,77.09994494351461
5205,wai-wai-restaurant-boston,5,2017-04-17 20:39:16,HIDDEN GEM ALERT!! Nothing and I mean nothing beats Wai Wai's amazing chicken rice plate for under $7. HUGE TIP: go to the one underground (literally)...,Boston,99.67623380501871,0.3237661949813251
5206,wai-wai-restaurant-boston,4,2017-04-11 01:03:21,The best place where you can get rice meals. Everybody loves rice and I am in the same boat as them.First things first kudos to the kitchen staff for...,Boston,98.43165001531457,1.5683499846852547
5207,wai-wai-restaurant-boston,5,2017-04-02 20:24:52,WOW! All I can say is WOW. I was just visit Massachusetts and stopped by Chinatown to get something to eat I wanted to look for something cheap and found...,Boston,13.045108136536744,86.95489186346312
5208,ward-8-boston,5,2017-02-01 08:19:46,Struggling to find a decent place to eat after the Eric Church concert on a Saturday night we yelped which place had a late night menu around midnight and...,Boston,29.00771760056035,70.99228239943992
5209,ward-8-boston,4,2017-04-16 06:50:54,We came here for a group brunch and were able to get a reservation on a sunday.  We got lucky with parking as well and got a street spot right outside....,Boston,51.75577096173711,48.24422903826275
5210,ward-8-boston,3,2017-03-25 13:19:04,My bottom line - great bar and bartenders. If I was only rating them I'd give 5 stars. The three stars are for the hostesses and our lovely server (her...,Boston,21.54674549013848,78.45325450986151
5211,wheelhouse-boston-3,5,2017-04-09 20:30:11,Breakfast & Burgers! These two go hand in hand at this place. This is their wheelhouse so to speak. This place serves up some mean burgers and some...,Boston,55.48740496140976,44.512595038590234
5212,wheelhouse-boston-3,4,2017-04-07 12:11:19,I ordered the classic breakfast sandwich with bacon egg and cheese with the maple cream.  I would highly recommend the maple cream!  It is not cream but...,Boston,38.07629987058653,61.923700129413376
5213,wheelhouse-boston-3,5,2017-03-31 07:46:57,One of my favorite breakfast places in Boston! This place is dangerously close to where I work and it is always a constant struggle between having a...,Boston,88.06918257223916,11.930817427760694
5214,worden-hall-boston,5,2017-03-11 21:08:49,I came to Boston for PAX East and we randomly found this place on Yelp. So happy we came through. The food is bomb. The drinks are bomb... and Kiara is the...,Boston,33.4388688600045,66.56113113999534
5215,worden-hall-boston,3,2017-03-30 11:34:07,I was headed to an interview and this place was right on the way. Nobody was in the place but they were friendly and welcoming. The menu looked...,Boston,20.850008885741723,79.14999111425803
5216,worden-hall-boston,2,2017-03-08 18:24:11,The first time I came here was for a drink and appetizer. It was all enjoyable so Worden Hall was high on my list to return for dinner. After finally making...,Boston,82.50846206161242,17.49153793838765
5217,yankee-lobster-boston,4,2017-04-02 08:03:11,Chowder is still excellent but this round had a lot of potatoes. Platter number 2 with fried scallops fish and shrimp is pretty tasty. Plenty of food...,Boston,79.77597789232944,20.22402210767012
5218,yankee-lobster-boston,4,2017-04-01 13:52:04,Arrived in Boston today and went to seek out a good place to eat. We ordered the lobster bisque and clam chowder as starters. They're both tasty and creamy...,Boston,98.89323853620486,1.1067614637954486
5219,yankee-lobster-boston,5,2017-03-31 15:14:44,"Those of you who are looking for ""the best"" lobster roll in Boston there are a few places you'd have to try before making your own conclusion. One of those...",Boston,86.62069121418965,13.379308785810373
